Game Reference Key,Notes,Displayed Text,Alternate Text,Frequency,Requires Suffix,Misc.
[The key used by the game to find strings],"[Not loaded into the game, for explanation only]",[The displayed string in-game],"[Alternate displayed string, eg. Nickname]",[For lists],[Does this require a suffix for naming?],[Miscellaneous]
— ,— ,— ,— ,— ,— ,— 
gruber,,Gruber,,9,,5/9/2022 11:49
huber,,Huber,,3,,5/9/2022 11:49
bauer,,Bauer,,5,,5/9/2022 11:49
wagner,,Wagner,,6,,5/9/2022 11:49
muller,,Muller,,4,,5/9/2022 11:49
pichler,,Pichler,,4,,5/9/2022 11:49
steiner,,Steiner,,6,,5/9/2022 11:49
moser,,Moser,,6,,5/9/2022 11:49
mayer,,Mayer,,6,,5/9/2022 11:49
hofer,,Hofer,,5,,5/9/2022 11:49
leitner,,Leitner,,5,,5/9/2022 11:49
berger,,Berger,,6,,5/9/2022 11:49
fuchs,,Fuchs,,1,,5/9/2022 11:49
eder,,Eder,,1,,5/9/2022 11:49
fischer,,Fischer,,5,,5/9/2022 11:49
schmid,,Schmid,,4,,5/9/2022 11:49
winkler,,Winkler,,3,,5/9/2022 11:49
weber,,Weber,,1,,5/9/2022 11:49
schwarz,,Schwarz,,10,,5/9/2022 11:49
maier,,Maier,,6,,5/9/2022 11:49
schneider,,Schneider,,7,,5/9/2022 11:49
reiter,,Reiter,,4,,5/9/2022 11:49
mayr,,Mayr,,2,,5/9/2022 11:49
schmidt,,Schmidt,,9,,5/9/2022 11:49
wimmer,,Wimmer,,4,,5/9/2022 11:49
egger,,Egger,,1,,5/9/2022 11:49
brunner,,Brunner,,1,,5/9/2022 11:49
lang,,Lang,,6,,5/9/2022 11:49
baumgartner,,Baumgartner,,3,,5/9/2022 11:49
auer,,Auer,,1,,5/9/2022 11:49
binder,,Binder,,3,,5/9/2022 11:49
lechner,,Lechner,,3,,5/9/2022 11:49
wolf,,Wolf,,4,,5/9/2022 11:49
wallner,,Wallner,,3,,5/9/2022 11:49
aigner,,Aigner,,4,,5/9/2022 11:49
ebner,,Ebner,,4,,5/9/2022 11:49
koller,,Koller,,4,,5/9/2022 11:49
lehner,,Lehner,,4,,5/9/2022 11:49
haas,,Haas,,5,,5/9/2022 11:49
schuster,,Schuster,,9,,5/9/2022 11:49
peeters,,Peeters,,3,,5/9/2022 11:49
janssens,,Janssens,,3,,5/9/2022 11:49
maes,,Maes,,1,,5/9/2022 11:49
jacobs,,Jacobs,,6,,5/9/2022 11:49
mertens,,Mertens,,6,,5/9/2022 11:49
willems,,Willems,,5,,5/9/2022 11:49
claes,,Claes,,4,,5/9/2022 11:49
goossens,,Goossens,,3,,5/9/2022 11:49
wouters,,Wouters,,3,,5/9/2022 11:49
de smet,,De Smet,,3,,5/9/2022 11:49
dubois,,Dubois,,3,,5/9/2022 11:49
lambert,,Lambert,,9,,5/9/2022 11:49
dupont,,Dupont,,10,,5/9/2022 11:49
martin,,Martin,,10,,5/9/2022 11:49
simon,,Simon,,7,,5/9/2022 11:49
novák,,Novák,,3,,5/9/2022 11:49
svoboda,,Svoboda,,1,,5/9/2022 11:49
novotný,,Novotný,,1,,5/9/2022 11:49
dvorák,,Dvorák,,3,,5/9/2022 11:49
cerný,,Cerný,,3,,5/9/2022 11:49
procházka,,Procházka,,4,,5/9/2022 11:49
kucera,,Kucera,,1,,5/9/2022 11:49
veselý,,Veselý,,3,,5/9/2022 11:49
horák,,Horák,,3,,5/9/2022 11:49
nemec,,Nemec,,3,,5/9/2022 11:49
bernard,,Bernard,,5,,5/9/2022 11:49
thomas,,Thomas,,5,,5/9/2022 11:49
robert,,Robert,,3,,5/9/2022 11:49
richard,,Richard,,4,,5/9/2022 11:49
petit,,Petit,,8,,5/9/2022 11:49
durand,,Durand,,8,,5/9/2022 11:49
leroy,,Leroy,,4,,5/9/2022 11:49
moreau,,Moreau,,5,,5/9/2022 11:49
laurent,,Laurent,,10,,5/9/2022 11:49
lefebvre,,Lefebvre,,1,,5/9/2022 11:49
michel,,Michel,,6,,5/9/2022 11:49
garcia,,Garcia,,5,,5/9/2022 11:49
david,,David,,4,,5/9/2022 11:49
bertrand,,Bertrand,,5,,5/9/2022 11:49
roux,,Roux,,10,,5/9/2022 11:49
vincent,,Vincent,,6,,5/9/2022 11:49
fournier,,Fournier,,5,,5/9/2022 11:49
morel,,Morel,,4,,5/9/2022 11:49
girard,,Girard,,5,,5/9/2022 11:49
andré,,André,,4,,5/9/2022 11:49
lefèvre,,Lefèvre,,6,,5/9/2022 11:49
mercier,,Mercier,,3,,5/9/2022 11:49
bonnet,,Bonnet,,7,,5/9/2022 11:49
françois,,François,,2,,5/9/2022 11:49
meyer,,Meyer,,7,,5/9/2022 11:49
schulz,,Schulz,,8,,5/9/2022 11:49
becker,,Becker,,4,,5/9/2022 11:49
hoffmann,,Hoffmann,,6,,5/9/2022 11:49
murphy,,Murphy,,9,,5/9/2022 11:49
kelly,,Kelly,,7,,5/9/2022 11:49
sullivan,,Sullivan,,7,,5/9/2022 11:49
walsh,,Walsh,,6,,5/9/2022 11:49
smith,,Smith,,9,,5/9/2022 11:49
o'brien,,O'Brien,,6,,5/9/2022 11:49
byrne,,Byrne,,7,,5/9/2022 11:49
ryan,,Ryan,,7,,5/9/2022 11:49
o'connor,,O'Connor,,6,,5/9/2022 11:49
o'neill,,O'Neill,,6,,5/9/2022 11:49
reilly,,Reilly,,5,,5/9/2022 11:49
doyle,,Doyle,,5,,5/9/2022 11:49
mccarthy,,McCarthy,,9,,5/9/2022 11:49
gallagher,,Gallagher,,10,,5/9/2022 11:49
doherty,,Doherty,,6,,5/9/2022 11:49
kennedy,,Kennedy,,2,,5/9/2022 11:49
lynch,,Lynch,,9,,5/9/2022 11:49
murray,,Murray,,4,,5/9/2022 11:49
quinn,,Quinn,,4,,5/9/2022 11:49
moore,,Moore,,4,,5/9/2022 11:49
de jong,,De Jong,,8,,5/9/2022 11:49
jansen,,Jansen,,7,,5/9/2022 11:49
de vries,,De Vries,,5,,5/9/2022 11:49
van den berg,,Van den Berg,,5,,5/9/2022 11:49
van dyk,,Van Dyk,,7,,5/9/2022 11:49
bakker,,Bakker,,3,,5/9/2022 11:49
janssen,,Janssen,,3,,5/9/2022 11:49
visser,,Visser,,4,,5/9/2022 11:49
smit,,Smit,,1,,5/9/2022 11:49
de boer,,De Boer,,5,,5/9/2022 11:49
mulder,,Mulder,,4,,5/9/2022 11:49
de groot,,De Groot,,4,,5/9/2022 11:49
bos,,Bos,,3,,5/9/2022 11:49
vos,,Vos,,1,,5/9/2022 11:49
peters,,Peters,,7,,5/9/2022 11:49
hendriks,,Hendriks,,9,,5/9/2022 11:49
van leeuwen,,Van Leeuwen,,2,,5/9/2022 11:49
dekker,,Dekker,,3,,5/9/2022 11:49
brouwer,,Brouwer,,3,,5/9/2022 11:49
de wit,,De Wit,,5,,5/9/2022 11:49
dijkstra,,Dijkstra,,3,,5/9/2022 11:49
smits,,Smits,,3,,5/9/2022 11:49
de graaf,,De Graaf,,3,,5/9/2022 11:49
van der meer,,Van der Meer,,4,,5/9/2022 11:49
bianchi,,Bianchi,,5,,5/9/2022 11:49
bernasconi,,Bernasconi,,3,,5/9/2022 11:49
fontana,,Fontana,,3,,5/9/2022 11:49
crivelli,,Crivelli,,3,,5/9/2022 11:49
galli,,Galli,,3,,5/9/2022 11:49
cereghetti,,Cereghetti,,3,,5/9/2022 11:49
colombo,,Colombo,,9,,5/9/2022 11:49
rossi,,Rossi,,7,,5/9/2022 11:49
ferrari,,Ferrari,,4,,5/9/2022 11:49
cavadini,,Cavadini,,5,,5/9/2022 11:49
meier,,Meier,,5,,5/9/2022 11:49
keller,,Keller,,3,,5/9/2022 11:49
baumann,,Baumann,,3,,5/9/2022 11:49
gerber,,Gerber,,1,,5/9/2022 11:49
frei,,Frei,,4,,5/9/2022 11:49
jones,,Jones,,7,,5/9/2022 11:49
taylor,,Taylor,,8,,5/9/2022 11:49
brown,,Brown,,8,,5/9/2022 11:49
williams,,Williams,,7,,5/9/2022 11:49
wilson,,Wilson,,2,,5/9/2022 11:49
johnson,,Johnson,,8,,5/9/2022 11:49
davies,,Davies,,8,,5/9/2022 11:49
robinson,,Robinson,,8,,5/9/2022 11:49
wright,,Wright,,7,,5/9/2022 11:49
thompson,,Thompson,,8,,5/9/2022 11:49
evans,,Evans,,8,,5/9/2022 11:49
walker,,Walker,,8,,5/9/2022 11:49
white,,White,,5,,5/9/2022 11:49
roberts,,Roberts,,4,,5/9/2022 11:49
green,,Green,,4,,5/9/2022 11:49
hall,,Hall,,5,,5/9/2022 11:49
wood,,Wood,,5,,5/9/2022 11:49
jackson,,Jackson,,7,,5/9/2022 11:49
clarke,,Clarke,,8,,5/9/2022 11:49
robertson,,Robertson,,4,,5/9/2022 11:49
thomson,,Thomson,,7,,5/9/2022 11:49
campbell,,Campbell,,4,,5/9/2022 11:49
stewart,,Stewart,,5,,5/9/2022 11:49
anderson,,Anderson,,5,,5/9/2022 11:49
scott,,Scott,,6,,5/9/2022 11:49
macdonald,,MacDonald,,7,,5/9/2022 11:49
reid,,Reid,,6,,5/9/2022 11:49
clark,,Clark,,6,,5/9/2022 11:49
ross,,Ross,,7,,5/9/2022 11:49
young,,Young,,7,,5/9/2022 11:49
mitchell,,Mitchell,,7,,5/9/2022 11:49
watson,,Watson,,5,,5/9/2022 11:49
paterson,,Paterson,,8,,5/9/2022 11:49
morrison,,Morrison,,5,,5/9/2022 11:49
sanders,,Sanders,,8,,5/9/2022 11:49
lewis,,Lewis,,6,,5/9/2022 11:49
hughes,,Hughes,,7,,5/9/2022 11:49
morgan,,Morgan,,8,,5/9/2022 11:49
griffiths,,Griffiths,,8,,5/9/2022 11:49
edwards,,Edwards,,5,,5/9/2022 11:49
james,,James,,5,,5/9/2022 11:49
rees,,Rees,,6,,5/9/2022 11:49
jenkins,,Jenkins,,6,,5/9/2022 11:49
owen,,Owen,,5,,5/9/2022 11:49
price,,Price,,6,,5/9/2022 11:49
phillips,,Phillips,,4,,5/9/2022 11:49
moss,,Moss,,3,,5/9/2022 11:49
driscoll,,Driscoll,,8,,5/9/2022 11:49
andre,,Andre,,1,,5/9/2022 11:49
lefevre,,Lefevre,,1,,5/9/2022 11:49
francois,,Francois,,1,,5/9/2022 11:49
legrand,,Legrand,,8,,5/9/2022 11:49
garnier,,Garnier,,7,,5/9/2022 11:49
faure,,Faure,,6,,5/9/2022 11:49
rousseau,,Rousseau,,7,,5/9/2022 11:49
blanc,,Blanc,,8,,5/9/2022 11:49
guerin,,Guerin,,2,,5/9/2022 11:49
henry,,Henry,,3,,5/9/2022 11:49
roussel,,Roussel,,2,,5/9/2022 11:49
nicolas,,Nicolas,,3,,5/9/2022 11:49
schafer,,Schafer,,7,,5/9/2022 11:49
koch,,Koch,,4,,5/9/2022 11:49
richter,,Richter,,6,,5/9/2022 11:49
klein,,Klein,,5,,5/9/2022 11:49
schroder,,Schroder,,2,,5/9/2022 11:49
neumann,,Neumann,,2,,5/9/2022 11:49
zimmermann,,Zimmermann,,2,,5/9/2022 11:49
braun,,Braun,,4,,5/9/2022 11:49
kruger,,Kruger,,3,,5/9/2022 11:49
hofmann,,Hofmann,,4,,5/9/2022 11:49
hartmann,,Hartmann,,3,,5/9/2022 11:49
lange,,Lange,,2,,5/9/2022 11:49
werner,,Werner,,3,,5/9/2022 11:49
krause,,Krause,,3,,5/9/2022 11:49
lehmann,,Lehmann,,4,,5/9/2022 11:49
schulze,,Schulze,,4,,5/9/2022 11:49
maie,,Maie,,1,,5/9/2022 11:49
köhle,,Köhle,,1,,5/9/2022 11:49
herrmann,,Herrmann,,3,,5/9/2022 11:49
walter,,Walter,,3,,5/9/2022 11:49
kaiser,,Kaiser,,4,,5/9/2022 11:49
scholz,,Scholz,,1,,5/9/2022 11:49
moller,,Moller,,1,,5/9/2022 11:49
jung,,Jung,,1,,5/9/2022 11:49
hahn,,Hahn,,3,,5/9/2022 11:49
schubert,,Schubert,,8,,5/9/2022 11:49
vogel,,Vogel,,1,,5/9/2022 11:49
friedrich,,Friedrich,,1,,5/9/2022 11:49
gunther,,Gunther,,1,,5/9/2022 11:49
frank,,Frank,,1,,5/9/2022 11:49
albrecht,,Albrecht,,8,,5/9/2022 11:49
schumacher,,Schumacher,,7,,5/9/2022 11:49
engel,,Engel,,7,,5/9/2022 11:49
sauer,,Sauer,,5,,5/9/2022 11:49
pfeiffer,,Pfeiffer,,1,,5/9/2022 11:49
altier,,Altier,,1,,5/9/2022 11:49
ambroise,,Ambroise,,6,,5/9/2022 11:49
arquette,,Arquette,,7,,5/9/2022 11:49
auclair,,Auclair,,6,,5/9/2022 11:49
bastion,,Bastion,,6,,5/9/2022 11:49
barnette,,Barnette,,5,,5/9/2022 11:49
basque,,Basque,,6,,5/9/2022 11:49
beau,,Beau,,6,,5/9/2022 11:49
blaise,,Blaise,,6,,5/9/2022 11:49
bois,,Bois,,5,,5/9/2022 11:49
bouchard,,Bouchard,,6,,5/9/2022 11:49
bourbon,,Bourbon,,10,,5/9/2022 11:49
callais,,Callais,,4,,5/9/2022 11:49
cornette,,Cornette,,6,,5/9/2022 11:49
denis,,Denis,,1,,5/9/2022 11:49
dufresne,,Dufresne,,9,,5/9/2022 11:49
etienne,,Etienne,,8,,5/9/2022 11:49
fontenette,,Fontenette,,7,,5/9/2022 11:49
fremont,,Fremont,,6,,5/9/2022 11:49
gautier,,Gautier,,6,,5/9/2022 11:49
hillier,,Hillier,,3,,5/9/2022 11:49
homme,,Homme,,3,,5/9/2022 11:49
henri,,Henri,,6,,5/9/2022 11:49
mayette,,Mayette,,7,,5/9/2022 11:49
lafayette,,Lafayette,,10,,5/9/2022 11:49
,,Abel,,,,
,,Abeln,,,,
,,Abraham,,,,
,,Abras,,,,
,,Abt,,,,
,,Achard,,,,
,,Achilles,,,,
,,Achterberg,,,,
,,Acker,,,,
,,Ackermann,,,,
,,Adam,,,,
,,Adenauer,,,,
,,Adlbert,,,,
,,Adler,,,,
,,Agnew,,,,
,,Ahearn,,,,
,,Ahearne,,,,
,,Ahern,,,,
,,Aicart,,,,
,,Albert,,,,
,,Aleshire,,,,
,,Alexandre,,,,
,,Alix,,,,
,,Allain,,,,
,,Allard,,,,
,,Alscher,,,,
,,Althaus,,,,
,,Amiot,,,,
,,Amsel,,,,
,,Andreas,,,,
,,Andres,,,,
,,Andrieu,,,,
,,Angus,,,,
,,Antoine,,,,
,,Arabin,,,,
,,Arbeit,,,,
,,Archambault,,,,
,,Ardisson,,,,
,,Armand,,,,
,,Armbrüster,,,,
,,Armbruster,,,,
,,Arnaud,,,,
,,Arnault,,,,
,,Arnold,,,,
,,Arnould,,,,
,,Arnoux,,,,
,,Arthur,,,,
,,Astier,,,,
,,Aubert,,,,
,,Aubin,,,,
,,Aubry,,,,
,,Audibert,,,,
,,Aue,,,,
,,Auge,,,,
,,Auger,,,,
,,Augier,,,,
,,Augustin,,,,
,,Aust,,,,
,,Auvray,,,,
,,Avril,,,,
,,Bélanger,,,,
,,Béranger,,,,
,,Béringer,,,,
,,Babault,,,,
,,Babin,,,,
,,Babineaux,,,,
,,Bach,,,,
,,Bachelier,,,,
,,Bachman,,,,
,,Bachmann,,,,
,,Bachmeier,,,,
,,Backer,,,,
,,Bacrot,,,,
,,Bader,,,,
,,Bahr,,,,
,,Baier,,,,
,,Baillet,,,,
,,Bailleul,,,,
,,Bailly,,,,
,,Baines,,,,
,,Balfe,,,,
,,Balland,,,,
,,Ballouhey,,,,
,,Bambach,,,,
,,Banes,,,,
,,Banister ,,,,
,,Bannister,,,,
,,Barbaroux ,,,,
,,Barbe,,,,
,,Barbier,,,,
,,Barbot,,,,
,,Bardet,,,,
,,Bardin,,,,
,,Barl,,,,
,,Baron,,,,
,,Barr,,,,
,,Barraud,,,,
,,Barre,,,,
,,Barreau,,,,
,,Barret,,,,
,,Barriere,,,,
,,Barry,,,,
,,Barthe,,,,
,,Barthelemy,,,,
,,Basile,,,,
,,Basset,,,,
,,Bastide,,,,
,,Bastien,,,,
,,Bataille,,,,
,,Bataillon,,,,
,,Baud,,,,
,,Baudet,,,,
,,Baudin,,,,
,,Baudoin,,,,
,,Baudouin,,,,
,,Baudrier,,,,
,,Baudry,,,,
,,Baudu,,,,
,,Bauers,,,,
,,Baum,,,,
,,Baumbach,,,,
,,Baumer,,,,
,,Baumgarten,,,,
,,Baumhauer,,,,
,,Bayer,,,,
,,Bayle,,,,
,,Baylor,,,,
,,Bazin,,,,
,,Bazin ,,,,
,,Beattie,,,,
,,Beauchene,,,,
,,Beaudreau,,,,
,,Beaufils,,,,
,,Beaufort,,,,
,,Beaulieu,,,,
,,Beaumont,,,,
,,Beauvais,,,,
,,Beck,,,,
,,Becke,,,,
,,Beckenbauer,,,,
,,Beckert,,,,
,,BÈdard,,,,
,,Beguin,,,,
,,Behan,,,,
,,Behrend,,,,
,,Behrends,,,,
,,Behringer,,,,
,,Beiler,,,,
,,Beirne,,,,
,,Beitel,,,,
,,Belanger,,,,
,,Belin,,,,
,,BÈliveau,,,,
,,BÈlizaire,,,,
,,Bellamy,,,,
,,Bellanger,,,,
,,Bellecourt,,,,
,,Bellerose,,,,
,,Bellon,,,,
,,Belmont,,,,
,,Belot,,,,
,,Belrose,,,,
,,Belshaw ,,,,
,,Beltz,,,,
,,Benard,,,,
,,Benassaya,,,,
,,Benezet,,,,
,,Benoist,,,,
,,Benoit,,,,
,,Beranger,,,,
,,Berard,,,,
,,Beraud,,,,
,,Berg,,,,
,,Berge,,,,
,,Bergeron,,,,
,,Bergin,,,,
,,Bergmann,,,,
,,Beringer,,,,
,,Berne,,,,
,,Bernhard,,,,
,,Bernier,,,,
,,Berthelot,,,,
,,Berthet,,,,
,,Berthier,,,,
,,Berthon,,,,
,,Bertin,,,,
,,Berton,,,,
,,Besnard,,,,
,,Besse,,,,
,,Besson,,,,
,,Best,,,,
,,Bethancourt,,,,
,,Beutel,,,,
,,Bevan,,,,
,,Beves,,,,
,,Beyer,,,,
,,Beyersdorf,,,,
,,Bidault,,,,
,,Bieber,,,,
,,BiÈmouret,,,,
,,Biermann,,,,
,,Bigot,,,,
,,Billard,,,,
,,Billet,,,,
,,Billon,,,,
,,Binet,,,,
,,Biron ,,,,
,,Bischoffs,,,,
,,Bisson,,,,
,,Blanchard,,,,
,,Blanchet,,,,
,,Blanchett,,,,
,,Blanchette,,,,
,,Blandin,,,,
,,Blatrix,,,,
,,Blau,,,,
,,Blecher,,,,
,,Bleier,,,,
,,Blevins,,,,
,,Bligh,,,,
,,Blignaut,,,,
,,Blin,,,,
,,Blondeau,,,,
,,Blondel,,,,
,,Blot,,,,
,,Blum,,,,
,,Blumenthal,,,,
,,Bocker,,,,
,,Bocquet,,,,
,,Bodin,,,,
,,Boehler,,,,
,,Boesch,,,,
,,Bohler,,,,
,,Bohm,,,,
,,Bohme,,,,
,,Bohmer,,,,
,,Bohn,,,,
,,Boileau,,,,
,,Boisseau,,,,
,,Boisselot,,,,
,,Boisson,,,,
,,Boivin,,,,
,,Boleyn,,,,
,,Bon,,,,
,,Bonaparte,,,,
,,Bonar,,,,
,,Bonfils,,,,
,,Bonheur,,,,
,,Bonhomme,,,,
,,Bonin,,,,
,,Bonnaire,,,,
,,Bonnard,,,,
,,Bonnay,,,,
,,Bonneau,,,,
,,Bonnefoy,,,,
,,Bonner,,,,
,,Bonnin,,,,
,,Bonnivard,,,,
,,Bonnot,,,,
,,Bontemps,,,,
,,Boobyer,,,,
,,Borchard,,,,
,,Borchardt,,,,
,,Borde,,,,
,,Bordier,,,,
,,Borel,,,,
,,Bornet,,,,
,,Bosch,,,,
,,Bottcher,,,,
,,Bouche,,,,
,,Boucher,,,,
,,Bouchet,,,,
,,Boudet,,,,
,,Boudin,,,,
,,Bouet,,,,
,,Bouillier,,,,
,,Bouillon,,,,
,,Boulanger,,,,
,,Boulard,,,,
,,Boulay,,,,
,,Boulet,,,,
,,Bouley ,,,,
,,Bouquet,,,,
,,Bourdelle,,,,
,,Bourdillon,,,,
,,Bourdin,,,,
,,Bourdon,,,,
,,Bourgault,,,,
,,Bourgeaux,,,,
,,Bourgeois,,,,
,,Bourgeois ,,,,
,,Bourgoin,,,,
,,Bourguignon,,,,
,,Bourreau,,,,
,,Bourrienne,,,,
,,Bousquet,,,,
,,Boutet,,,,
,,Boutin,,,,
,,Bouton,,,,
,,Bouvet,,,,
,,Bouvier,,,,
,,Bouzat,,,,
,,Bowen,,,,
,,Boyer,,,,
,,Boylan,,,,
,,Boyle,,,,
,,Braband,,,,
,,Braden,,,,
,,Brady,,,,
,,Brahms,,,,
,,Brambell,,,,
,,Brand,,,,
,,Brandle,,,,
,,Brandt,,,,
,,Brannagan,,,,
,,Brannon,,,,
,,Brant,,,,
,,Brantley,,,,
,,Brasseur,,,,
,,Brault,,,,
,,Braune,,,,
,,Breathnach,,,,
,,Breen,,,,
,,Bregeon,,,,
,,Breiner,,,,
,,Breisacher,,,,
,,Bremond,,,,
,,Brennan,,,,
,,Breslin,,,,
,,Bresson,,,,
,,Bret,,,,
,,Breton,,,,
,,Bretteville,,,,
,,Bretz,,,,
,,Brial,,,,
,,Brian,,,,
,,Briand,,,,
,,Briere,,,,
,,Brindeau ,,,,
,,Brinkerhoff,,,,
,,Briody,,,,
,,Brion,,,,
,,Brisbois,,,,
,,Brisset,,,,
,,Brisson,,,,
,,Britt,,,,
,,Brochard,,,,
,,Brodbeck,,,,
,,Broderick,,,,
,,Brodeur,,,,
,,Brogan,,,,
,,Brontë,,,,
,,Brophy,,,,
,,Brose,,,,
,,Brosnan,,,,
,,Brossard,,,,
,,Brosse,,,,
,,Brotz,,,,
,,Brouillette,,,,
,,Brousse,,,,
,,Bru ,,,,
,,Bruhn,,,,
,,Brule,,,,
,,Brun,,,,
,,Brune,,,,
,,Bruneau,,,,
,,Brunel,,,,
,,Brunet,,,,
,,Brunty,,,,
,,Brus ,,,,
,,Bryne,,,,
,,Buchholz,,,,
,,Buckholtz,,,,
,,Buckley,,,,
,,Bucquet,,,,
,,Buffet,,,,
,,Buisson,,,,
,,Bulger,,,,
,,Bumgarner,,,,
,,Bunster,,,,
,,Bureau,,,,
,,Burgstaller,,,,
,,Burke,,,,
,,Burns,,,,
,,Busch,,,,
,,Butler,,,,
,,Byrnes,,,,
,,Caden,,,,
,,Cadet,,,,
,,Cadwallader,,,,
,,Cafferkey,,,,
,,Cagney,,,,
,,Cahill,,,,
,,Caillaud,,,,
,,Caille,,,,
,,Caillet,,,,
,,Caillot,,,,
,,Caillouet,,,,
,,Callaghan,,,,
,,Callahan,,,,
,,Callan,,,,
,,Callbeck,,,,
,,Calleary,,,,
,,Calnan,,,,
,,Calvet,,,,
,,Calvin,,,,
,,Camus,,,,
,,Canavan,,,,
,,Canaveri,,,,
,,Cannon,,,,
,,Cantwell,,,,
,,Caomhanach,,,,
,,Caomh·nach,,,,
,,Capdeville,,,,
,,Capelle,,,,
,,Capet,,,,
,,Carbonnier,,,,
,,Cardo,,,,
,,Cardon,,,,
,,Carey,,,,
,,Carl,,,,
,,Carlier,,,,
,,Carmody,,,,
,,Caroit,,,,
,,Caron,,,,
,,Carpentier,,,,
,,Carr,,,,
,,Carran,,,,
,,Carre,,,,
,,Carriere,,,,
,,Carroll,,,,
,,Carson,,,,
,,Carter,,,,
,,Cartier,,,,
,,Cartney,,,,
,,Carton,,,,
,,Carty,,,,
,,Cary,,,,
,,Casey,,,,
,,Cashin,,,,
,,Cassidy,,,,
,,Castel,,,,
,,Catoire,,,,
,,Caufield,,,,
,,Cauvin,,,,
,,Cavan,,,,
,,Cavanagh,,,,
,,Cavanah,,,,
,,Cavanaugh,,,,
,,Cavey,,,,
,,Cazaban,,,,
,,Cazenave,,,,
,,Cecil,,,,
,,Cestac,,,,
,,Chabaud,,,,
,,Chabert,,,,
,,Chabot,,,,
,,Chabrier ,,,,
,,Chabrol ,,,,
,,Chaix,,,,
,,Chambon,,,,
,,Chamier,,,,
,,Champion,,,,
,,Champmoreau,,,,
,,Chapelle,,,,
,,Chaplin,,,,
,,Chapuis,,,,
,,Chaput,,,,
,,Charbonneau,,,,
,,Charbonnier,,,,
,,Chardon,,,,
,,Charles,,,,
,,Charlet,,,,
,,Charlier,,,,
,,Charlot,,,,
,,Charon,,,,
,,Charpentier,,,,
,,Charrier,,,,
,,Charron,,,,
,,Chartier,,,,
,,Charton,,,,
,,Chartrand,,,,
,,Chassagne,,,,
,,Chastain,,,,
,,Chateau,,,,
,,Chatelain,,,,
,,Chauveau,,,,
,,Chauvet,,,,
,,Chauvin,,,,
,,Chemin,,,,
,,Chenette,,,,
,,Chenu,,,,
,,Cheron,,,,
,,Chesneau,,,,
,,Chevalier,,,,
,,Chevallier,,,,
,,Chevrier,,,,
,,Chevrolet,,,,
,,Choisy,,,,
,,Chollet,,,,
,,Chopin,,,,
,,Chouat,,,,
,,Chretien,,,,
,,Christian,,,,
,,Christophe,,,,
,,Claffey,,,,
,,Clancy,,,,
,,Clare,,,,
,,Claude,,,,
,,Claudel,,,,
,,ClavÈ,,,,
,,Clavel,,,,
,,Clavier,,,,
,,Cleary,,,,
,,Clement,,,,
,,Clerc,,,,
,,Clergerie,,,,
,,Clery,,,,
,,Cline,,,,
,,Cloutier,,,,
,,Clyne,,,,
,,Cochet,,,,
,,Cochrane,,,,
,,Cocq,,,,
,,Cody,,,,
,,Coghlan,,,,
,,Cohan,,,,
,,Colas,,,,
,,Colbert,,,,
,,Coleman,,,,
,,Colgan,,,,
,,Colin,,,,
,,Collard,,,,
,,Colle,,,,
,,Collet,,,,
,,Collignon,,,,
,,Collin,,,,
,,Collins,,,,
,,Collot,,,,
,,Colreavy,,,,
,,Colson,,,,
,,Colton,,,,
,,Colum,,,,
,,Combe,,,,
,,Combes,,,,
,,Comerford,,,,
,,Comiskey,,,,
,,Comte,,,,
,,Comtet,,,,
,,Comtois,,,,
,,Conan,,,,
,,Concannon,,,,
,,Condom,,,,
,,Condon,,,,
,,Conlan,,,,
,,Conlee,,,,
,,Conley,,,,
,,Conly,,,,
,,Conneely,,,,
,,Connell,,,,
,,Connellan,,,,
,,Connelly,,,,
,,Connery,,,,
,,Connesson,,,,
,,Connolly,,,,
,,Connor,,,,
,,Conroy,,,,
,,Considine,,,,
,,Constant,,,,
,,Constantin,,,,
,,Contat,,,,
,,Conte,,,,
,,Coody,,,,
,,Coogan,,,,
,,Cooney,,,,
,,Coquerel,,,,
,,Corbett,,,,
,,Corceiro,,,,
,,Corcoran,,,,
,,Cordell,,,,
,,Cordier,,,,
,,Coriton,,,,
,,Cormier,,,,
,,Cornally,,,,
,,Cornet,,,,
,,Cornu,,,,
,,Cornut,,,,
,,Corre,,,,
,,Corrette,,,,
,,Corrigan,,,,
,,Cossard,,,,
,,Cosson,,,,
,,Coste,,,,
,,Costello,,,,
,,Coté,,,,
,,Cottin,,,,
,,Couderc,,,,
,,Coughlan,,,,
,,Coughlin,,,,
,,Coulon,,,,
,,Coulter,,,,
,,Courtemanche,,,,
,,Courtin,,,,
,,Courtois,,,,
,,Coury,,,,
,,Cousin,,,,
,,Cousineau,,,,
,,Coutant,,,,
,,Couture,,,,
,,Couturier,,,,
,,Coyne,,,,
,,Crawley,,,,
,,Creagh,,,,
,,Cregg,,,,
,,Crehan,,,,
,,Crepin,,,,
,,Cronje,,,,
,,Cros,,,,
,,Crowley,,,,
,,Culkin,,,,
,,Cullen,,,,
,,Cullinane,,,,
,,Culloty,,,,
,,Cummins,,,,
,,Cunningham,,,,
,,Cuny,,,,
,,Curie,,,,
,,Currams,,,,
,,Curran,,,,
,,Curry,,,,
,,Cuvelier,,,,
,,Cuvillier,,,,
,,Daley,,,,
,,Dalloz,,,,
,,Daly,,,,
,,Daniau,,,,
,,Daniel,,,,
,,D'Aramitz,,,,
,,Dardis,,,,
,,Dargent,,,,
,,Darras,,,,
,,Dassault,,,,
,,Daube,,,,
,,DaubiÈ,,,,
,,Daugherty,,,,
,,Daumas,,,,
,,Dauphin,,,,
,,Daviau,,,,
,,Davin,,,,
,,Davy,,,,
,,De Bertier ,,,,
,,De Bevoise,,,,
,,De Bort,,,,
,,De Bourbon,,,,
,,De Bourgogne,,,,
,,De Brosse,,,,
,,De Fleury,,,,
,,De France,,,,
,,De Garmeaux,,,,
,,De Garmo,,,,
,,De la BÈdoyËre,,,,
,,De la Fosse,,,,
,,De la Haye,,,,
,,De Lannoy,,,,
,,De Lattre,,,,
,,De Mange,,,,
,,De Mordaunt,,,,
,,De Roux,,,,
,,De Sauvigny,,,,
,,De Ville,,,,
,,De Villers,,,,
,,De Villiers,,,,
,,De Vos,,,,
,,Deasy,,,,
,,Debelle,,,,
,,Debourbon,,,,
,,Debourgogne,,,,
,,Debussy,,,,
,,Decaen,,,,
,,Decodts,,,,
,,Deegan,,,,
,,Deeley,,,,
,,Deffontaines,,,,
,,Deforest,,,,
,,Defrance,,,,
,,Degois,,,,
,,Delacroix,,,,
,,Delage,,,,
,,Delahaye,,,,
,,Delaire,,,,
,,Delalande,,,,
,,Delamare,,,,
,,Delaney,,,,
,,Delannoy,,,,
,,Delany,,,,
,,Delaporte,,,,
,,Delarge,,,,
,,Delargy,,,,
,,Delarue,,,,
,,Delattre,,,,
,,Delaunay,,,,
,,Delautrette,,,,
,,Delavigne,,,,
,,Delcourt,,,,
,,Delevingne,,,,
,,Delhaye,,,,
,,Delmas,,,,
,,Delmotte,,,,
,,Delong,,,,
,,Delorme,,,,
,,Delpech,,,,
,,Delpirou,,,,
,,Demange,,,,
,,Demassieux,,,,
,,Demay,,,,
,,Dempsey,,,,
,,Deniau,,,,
,,Deniaud,,,,
,,Deniel,,,,
,,Dennehy,,,,
,,Dennel,,,,
,,Denzel,,,,
,,Depraz,,,,
,,Derichs,,,,
,,Dermott,,,,
,,Derrien,,,,
,,Des Bois,,,,
,,Desbois,,,,
,,Descamps,,,,
,,Deschamps,,,,
,,Descoteaux,,,,
,,Deshayes,,,,
,,Desjardins,,,,
,,Desmond,,,,
,,DesprÈaux,,,,
,,Despres,,,,
,,Desprez,,,,
,,Desroches,,,,
,,Desrosiers,,,,
,,Devaney,,,,
,,Devaughn,,,,
,,Devaux,,,,
,,Deveaux,,,,
,,Deville,,,,
,,Devillers,,,,
,,Devin,,,,
,,Devine,,,,
,,Devlin,,,,
,,Devos,,,,
,,Dickin,,,,
,,Didier,,,,
,,Diefenbach,,,,
,,Dieter,,,,
,,Dietrich,,,,
,,Dillon,,,,
,,Dineen,,,,
,,Dinn,,,,
,,Dinneen,,,,
,,Dior,,,,
,,Diot,,,,
,,Dirks,,,,
,,Dirksen,,,,
,,Dittmar,,,,
,,Divilly,,,,
,,Diyle,,,,
,,Docherty,,,,
,,Doggett,,,,
,,Dohman,,,,
,,Dolan,,,,
,,Domergue,,,,
,,Dominique,,,,
,,Donaghue,,,,
,,Donegan,,,,
,,Donlevy,,,,
,,Donne,,,,
,,Donnell,,,,
,,Donnellan,,,,
,,Donnelly,,,,
,,Donnelly ,,,,
,,Donoghue,,,,
,,Donohoe,,,,
,,Donohue,,,,
,,Donough,,,,
,,Donovan,,,,
,,Doolan,,,,
,,Dooley,,,,
,,Doran,,,,
,,D'Orbigny,,,,
,,Dore,,,,
,,Doublet,,,,
,,Doucet,,,,
,,Dougher,,,,
,,Dougherty,,,,
,,Dowd,,,,
,,Dowdall,,,,
,,Dowey,,,,
,,Dowling ,,,,
,,Downer ,,,,
,,Downey ,,,,
,,Doyen,,,,
,,Drapeau,,,,
,,Draper ,,,,
,,Drechsler,,,,
,,Dreher,,,,
,,Dreier,,,,
,,Drennan,,,,
,,Dreschner,,,,
,,Dresdner,,,,
,,Dressler,,,,
,,Dreyer,,,,
,,Droit,,,,
,,Drouet,,,,
,,Drouin,,,,
,,Du Bois,,,,
,,Du Bost,,,,
,,Du Breuil,,,,
,,Du Chemin,,,,
,,Du Clos,,,,
,,Du Crocq,,,,
,,Du Cros,,,,
,,Du Four,,,,
,,Du Gue,,,,
,,Du Hamel,,,,
,,Du Jardin,,,,
,,Du Mont,,,,
,,Du Moulin,,,,
,,Du Pont,,,,
,,Du Pre,,,,
,,Du Puis,,,,
,,Du Puy,,,,
,,Du Quesne,,,,
,,Du Rieux,,,,
,,Du Val,,,,
,,Duane,,,,
,,Dubost,,,,
,,Dubreuil,,,,
,,Dubus,,,,
,,Duchamp,,,,
,,Duchamps,,,,
,,Duchemin,,,,
,,Duchene,,,,
,,Duchesne,,,,
,,Duclos,,,,
,,Ducrocq,,,,
,,Ducros,,,,
,,Duerr,,,,
,,Duff,,,,
,,Duff ,,,,
,,Duffy,,,,
,,Duffy ,,,,
,,Dufort,,,,
,,Dufour,,,,
,,Dugan,,,,
,,Duguay,,,,
,,Dugue,,,,
,,Duhamel,,,,
,,Duignan,,,,
,,Dujardin,,,,
,,Dumas,,,,
,,Dumas ,,,,
,,Dumont,,,,
,,Dumortier,,,,
,,Dumoulin,,,,
,,Dunkel,,,,
,,Dunn,,,,
,,Dunne,,,,
,,Dunoyer,,,,
,,Dunst,,,,
,,Dupin,,,,
,,Duplessis ,,,,
,,Dupond,,,,
,,Dupont ,,,,
,,Dupre,,,,
,,Dupuis,,,,
,,Dupuy,,,,
,,Dupuy ,,,,
,,Duquesne,,,,
,,Durant,,,,
,,Duret,,,,
,,Durieux,,,,
,,Durnin,,,,
,,Durr,,,,
,,Dutil,,,,
,,Duval,,,,
,,Eberhardt,,,,
,,Eckstein,,,,
,,Eichel,,,,
,,Eilerts,,,,
,,Ellis,,,,
,,Emery,,,,
,,Emile,,,,
,,Ennis,,,,
,,Enns,,,,
,,Enright,,,,
,,Ernst,,,,
,,Esnault,,,,
,,Esser,,,,
,,Essert,,,,
,,Estienne,,,,
,,Everhart,,,,
,,Evrard,,,,
,,Fabel,,,,
,,Fabian,,,,
,,Fabien,,,,
,,Fabre,,,,
,,Fabron,,,,
,,Faerber,,,,
,,Faherty,,,,
,,Fahey,,,,
,,Fahy ,,,,
,,Faivre,,,,
,,Falk,,,,
,,Falkenrath,,,,
,,Falkner,,,,
,,Fallon,,,,
,,Fallon ,,,,
,,Fanning ,,,,
,,Fannon,,,,
,,Farage ,,,,
,,Farber,,,,
,,Farnan,,,,
,,Faron,,,,
,,Farrell,,,,
,,Farrell ,,,,
,,Farrelly,,,,
,,Fashingbauer,,,,
,,Faucher,,,,
,,Faucheux,,,,
,,Faust,,,,
,,Fauvergue,,,,
,,Faux ,,,,
,,Favager,,,,
,,Favier,,,,
,,Favre,,,,
,,Favreau,,,,
,,Fay,,,,
,,Fay ,,,,
,,Fayolle,,,,
,,Fee ,,,,
,,Feeley,,,,
,,Feely,,,,
,,Feigenbaum,,,,
,,Feld,,,,
,,Feldt,,,,
,,Felix,,,,
,,Fenstermacher,,,,
,,Feraud,,,,
,,Ferber,,,,
,,Ferdon,,,,
,,Fergus,,,,
,,Ferguson,,,,
,,Feron,,,,
,,Ferrand,,,,
,,Ferre,,,,
,,FerrÈ,,,,
,,Ferrier,,,,
,,Ferriter,,,,
,,Ferry,,,,
,,Fertet,,,,
,,Fertig,,,,
,,Fevre,,,,
,,Fey,,,,
,,Feydeau,,,,
,,Fiedler,,,,
,,Fillon ,,,,
,,Findley ,,,,
,,Finegan,,,,
,,Finn,,,,
,,Finn ,,,,
,,Finnegan,,,,
,,Finnegan ,,,,
,,Finneran,,,,
,,Finnerty,,,,
,,Finnin,,,,
,,Firmin,,,,
,,Fitzgerald,,,,
,,Fitzgerald ,,,,
,,Fitzgibbon,,,,
,,Fitzmaurice,,,,
,,Fitzpatrick,,,,
,,Fitzpatrick ,,,,
,,Fitzsimmons,,,,
,,Fitzwilliam,,,,
,,Flament,,,,
,,Flanagan,,,,
,,Flanagan ,,,,
,,Flanagon,,,,
,,Flanery,,,,
,,Flannery,,,,
,,Flater,,,,
,,Fleischer,,,,
,,Fletcher ,,,,
,,Fleury,,,,
,,Flinn ,,,,
,,Flood ,,,,
,,Florent,,,,
,,Floyd,,,,
,,Fluharty,,,,
,,Flynn,,,,
,,Foerstner,,,,
,,Fogarty,,,,
,,Folan,,,,
,,Foley,,,,
,,Foley ,,,,
,,Fontaine,,,,
,,Forbes,,,,
,,Forest,,,,
,,Forestier,,,,
,,Forget,,,,
,,Forney,,,,
,,Forrestal ,,,,
,,Forst,,,,
,,Forstner,,,,
,,Fort,,,,
,,Fortier,,,,
,,Fortin,,,,
,,Fosse,,,,
,,Foster ,,,,
,,Foucault,,,,
,,FouchÈ,,,,
,,Foucher,,,,
,,Foulon,,,,
,,Fouque,,,,
,,Fouquet,,,,
,,Fourcade ,,,,
,,Fourie,,,,
,,Fourier,,,,
,,Fovargue,,,,
,,FranÁois,,,,
,,Franke,,,,
,,Franz,,,,
,,Fressinet,,,,
,,Freud,,,,
,,Freudenberger,,,,
,,Freund,,,,
,,Frey,,,,
,,Fried,,,,
,,Friel,,,,
,,Fries,,,,
,,Friesen,,,,
,,Froment,,,,
,,Fromm,,,,
,,Frost,,,,
,,Fuhrmann,,,,
,,Furst,,,,
,,Fury ,,,,
,,Fux,,,,
,,Fyan,,,,
,,Fylan,,,,
,,Gabler,,,,
,,Gabriel,,,,
,,Gaertner,,,,
,,Gaffey,,,,
,,Gaffney,,,,
,,Gage,,,,
,,Gagné,,,,
,,Gagne,,,,
,,Gagneux,,,,
,,Gagnier,,,,
,,Gagnon,,,,
,,Gaillard,,,,
,,Gallacher,,,,
,,Galland,,,,
,,Gallet,,,,
,,Gallois,,,,
,,Gantillon,,,,
,,Garçon,,,,
,,Garb,,,,
,,Garber,,,,
,,Garcin,,,,
,,Garcon,,,,
,,Gardinier,,,,
,,Garot ,,,,
,,Garreau,,,,
,,Gartner,,,,
,,Garver,,,,
,,Garvey,,,,
,,Gasnier,,,,
,,Gaspard,,,,
,,Gasquet,,,,
,,Gass,,,,
,,Gatel,,,,
,,Gaubert,,,,
,,Gaucher,,,,
,,Gaudin,,,,
,,Gaughan,,,,
,,Gaultier,,,,
,,Gauthier,,,,
,,Gautier ,,,,
,,Gavigan,,,,
,,Gawley,,,,
,,Gay,,,,
,,Gebo ,,,,
,,Geffroy,,,,
,,Gehrig,,,,
,,Gehring,,,,
,,Geier,,,,
,,Geiger,,,,
,,Geisler,,,,
,,Geissler,,,,
,,Geiszler,,,,
,,Gendreau,,,,
,,Genet,,,,
,,Genin,,,,
,,Gensch,,,,
,,Gentil,,,,
,,Gentille,,,,
,,Geoffroy,,,,
,,Geoffroy ,,,,
,,George,,,,
,,Georges,,,,
,,Georget,,,,
,,Geraghty,,,,
,,Gerard,,,,
,,Gerardin,,,,
,,Gerhard,,,,
,,Gerhardt,,,,
,,Gerig,,,,
,,Germain,,,,
,,Geroux,,,,
,,Gerst,,,,
,,Gerstle,,,,
,,Gervais,,,,
,,Gerver,,,,
,,Ghormley,,,,
,,Gibault,,,,
,,Gibaut,,,,
,,Gibeau,,,,
,,Gibert,,,,
,,Gicquel,,,,
,,Giehl,,,,
,,Giese,,,,
,,Giffard,,,,
,,Gilbert,,,,
,,Giles,,,,
,,Gilgan,,,,
,,Gilhooley,,,,
,,Gille,,,,
,,Gillen,,,,
,,Gilles,,,,
,,Gillet,,,,
,,Gillot,,,,
,,Gilpatric,,,,
,,Gilroy,,,,
,,Gingras,,,,
,,Girardin,,,,
,,Girardot,,,,
,,Giraud,,,,
,,Girault,,,,
,,Girod,,,,
,,Giroux,,,,
,,Glackin,,,,
,,Glaize,,,,
,,Glancy,,,,
,,Glas,,,,
,,Glass,,,,
,,Gleeson,,,,
,,Glockner,,,,
,,Glynn,,,,
,,Gobel,,,,
,,Gobert,,,,
,,Godard,,,,
,,Godart,,,,
,,Godefroy,,,,
,,Godet,,,,
,,Godin,,,,
,,Goebel,,,,
,,Gogarty,,,,
,,Gold,,,,
,,Goldschmidt,,,,
,,Gonin ,,,,
,,Gontier,,,,
,,Gorey,,,,
,,Gorman,,,,
,,Gormley,,,,
,,Gosse,,,,
,,Gosselin,,,,
,,Gosset,,,,
,,Gott,,,,
,,Gotti,,,,
,,Gottlieb,,,,
,,Gottschalk,,,,
,,Gough,,,,
,,Gouin,,,,
,,Goujon,,,,
,,Goupil,,,,
,,Gourdon,,,,
,,Grady,,,,
,,Graf,,,,
,,Grand,,,,
,,Grandjean,,,,
,,Graner,,,,
,,Grange,,,,
,,Granger,,,,
,,Granier,,,,
,,Gras,,,,
,,Gravier,,,,
,,Greaney,,,,
,,Greenberg,,,,
,,Gregoire,,,,
,,Grellier,,,,
,,Grenier,,,,
,,Grennan,,,,
,,Gribbin,,,,
,,Griffin,,,,
,,Griffith,,,,
,,Grimaud,,,,
,,Grimm,,,,
,,Grogan,,,,
,,Groos,,,,
,,Gros,,,,
,,Grosjean,,,,
,,Gross,,,,
,,Grosse,,,,
,,Grosser,,,,
,,Grouchy,,,,
,,Grumiaux ,,,,
,,Grunberg,,,,
,,Grunewald,,,,
,,Guegan,,,,
,,Gueguen,,,,
,,Guerard,,,,
,,Guette,,,,
,,Gufflet,,,,
,,Guibert,,,,
,,Guichard,,,,
,,Guignard,,,,
,,Guilbeault,,,,
,,Guilbert,,,,
,,Guilfoil,,,,
,,Guilfoyle,,,,
,,Guillard,,,,
,,Guillaume,,,,
,,Guillemin,,,,
,,Guillemot,,,,
,,Guillet,,,,
,,Guillon,,,,
,,Guillory,,,,
,,Guillot,,,,
,,Guillou,,,,
,,Guimet,,,,
,,Guimond,,,,
,,Guinness,,,,
,,Guiot,,,,
,,Guiraud,,,,
,,Guitry,,,,
,,Guitton,,,,
,,Gump,,,,
,,Gutermuth,,,,
,,Guy,,,,
,,Guyard,,,,
,,Guynn,,,,
,,Guyon,,,,
,,Guyot,,,,
,,Gwerder,,,,
,,Haber,,,,
,,Haberkorn,,,,
,,Habich,,,,
,,Habicht,,,,
,,Hafner,,,,
,,Hagarty,,,,
,,Halle,,,,
,,Halligan ,,,,
,,Hallissey,,,,
,,Halloran,,,,
,,Hamal,,,,
,,Hamel,,,,
,,Hamelin,,,,
,,Hamill,,,,
,,Hamon,,,,
,,Hamonic,,,,
,,Handrahan,,,,
,,Hanegan,,,,
,,Hanigan,,,,
,,Hanna ,,,,
,,Hannan ,,,,
,,Hannaway,,,,
,,Hannigan,,,,
,,Hannigen,,,,
,,Hanriot,,,,
,,Hanvey,,,,
,,Hardouin,,,,
,,Hardy,,,,
,,Harshaw,,,,
,,Hartman,,,,
,,Hase,,,,
,,Hasenkamp,,,,
,,Hass,,,,
,,Hasse,,,,
,,Hauer,,,,
,,Haughey,,,,
,,Haughney,,,,
,,Haumann,,,,
,,Haupt,,,,
,,Hausler,,,,
,,Havener,,,,
,,Hayden,,,,
,,Hayes,,,,
,,Hayez,,,,
,,Healy ,,,,
,,Heaney,,,,
,,Hearn,,,,
,,Heath,,,,
,,Hebert,,,,
,,Heenan,,,,
,,Heffernan,,,,
,,Hegarty,,,,
,,Heidrich,,,,
,,Heinrich,,,,
,,Heinrichs,,,,
,,Heintze,,,,
,,Heinz,,,,
,,Hely,,,,
,,Hemery,,,,
,,Hennequin,,,,
,,Hennessey ,,,,
,,Hennessy,,,,
,,Hennessy ,,,,
,,Hennig,,,,
,,Hennigan,,,,
,,Henriot,,,,
,,Henry ,,,,
,,Heppenheimer,,,,
,,Herault,,,,
,,Herbert,,,,
,,Herlihy,,,,
,,Herman,,,,
,,Hermann,,,,
,,Hernon,,,,
,,Hersch,,,,
,,Herschel,,,,
,,Hertz,,,,
,,Herve,,,,
,,Herzog,,,,
,,Hession,,,,
,,Hickey,,,,
,,Hiedler,,,,
,,Hier,,,,
,,Higgins,,,,
,,Higgins ,,,,
,,Hildebrand,,,,
,,Hillion ,,,,
,,Hines,,,,
,,Hiney ,,,,
,,Hintzen,,,,
,,Hirsch,,,,
,,Hirschel,,,,
,,Hoch,,,,
,,Hochberg,,,,
,,Hocquart,,,,
,,Hoefler,,,,
,,Hoey,,,,
,,Hoffman,,,,
,,Hofler,,,,
,,Hofmeister,,,,
,,Hogan,,,,
,,Hogan ,,,,
,,Hogg ,,,,
,,Holland,,,,
,,Holohan,,,,
,,Holtz,,,,
,,Holzer,,,,
,,Holzknecht,,,,
,,Holzmann,,,,
,,Honan,,,,
,,Hoobin,,,,
,,Hoover,,,,
,,Hopkins,,,,
,,Horan,,,,
,,Horgan,,,,
,,Horn,,,,
,,Houchin ,,,,
,,Hough ,,,,
,,Houplain,,,,
,,Hourcade,,,,
,,Hourican,,,,
,,Houssin,,,,
,,Howell,,,,
,,Hoy ,,,,
,,Huard,,,,
,,Huart,,,,
,,Hubert,,,,
,,Hue,,,,
,,Huet,,,,
,,Huffman,,,,
,,Huffmann,,,,
,,Hughes ,,,,
,,Hugon,,,,
,,Hugues,,,,
,,Huguet,,,,
,,Humbert,,,,
,,Hummel,,,,
,,Hunt,,,,
,,Huot,,,,
,,Husson,,,,
,,Hutchinson,,,,
,,Hutmacher,,,,
,,Hyland,,,,
,,Hynes,,,,
,,Ignace,,,,
,,Imbert,,,,
,,Ingersleben,,,,
,,Isnard,,,,
,,Ivers,,,,
,,Jacob,,,,
,,Jacquard,,,,
,,Jacquelin,,,,
,,Jacquemin,,,,
,,Jacques,,,,
,,Jacquet,,,,
,,Jacquier,,,,
,,Jacquin,,,,
,,Jacquot,,,,
,,Jaeger,,,,
,,Jaffredo,,,,
,,Jager,,,,
,,Jahn,,,,
,,Jamet,,,,
,,Jan,,,,
,,Janin,,,,
,,Jans,,,,
,,Janson,,,,
,,Janvier,,,,
,,Janz,,,,
,,Jaouen,,,,
,,Jardin,,,,
,,Jarry,,,,
,,Jaudon,,,,
,,Jean,,,,
,,Jeanne,,,,
,,Jeannin,,,,
,,Jerome,,,,
,,Jette,,,,
,,Jolivet,,,,
,,Jollenbeck,,,,
,,Jolly,,,,
,,Joly,,,,
,,Jordan,,,,
,,Joseph,,,,
,,Josse,,,,
,,Jouan,,,,
,,Joubert,,,,
,,Jourdain,,,,
,,Jourdan,,,,
,,Jouve,,,,
,,Jouvet,,,,
,,Joyce,,,,
,,Joyeux,,,,
,,Julien,,,,
,,Jullien,,,,
,,Jundt,,,,
,,Junge,,,,
,,Junot,,,,
,,Kahler,,,,
,,Kalb,,,,
,,Kalbfleisch,,,,
,,Kane,,,,
,,Kane ,,,,
,,Kappel,,,,
,,Kaspar,,,,
,,Kastner,,,,
,,Kaube,,,,
,,Kaufer,,,,
,,Kauffmann,,,,
,,Kaufman,,,,
,,Kaufmann,,,,
,,Kavanagh,,,,
,,Kavanagh ,,,,
,,Kavanah,,,,
,,Kavanaugh,,,,
,,Kean,,,,
,,Keane,,,,
,,Keane ,,,,
,,Kearney,,,,
,,Kearney ,,,,
,,Kearns ,,,,
,,Keating ,,,,
,,Keaveney,,,,
,,Keefe,,,,
,,Keegan,,,,
,,Keeley,,,,
,,Keely,,,,
,,Keenan,,,,
,,Kehoe,,,,
,,Keil,,,,
,,Kelleher,,,,
,,Keller ,,,,
,,Kelley,,,,
,,Kelly ,,,,
,,Kempf,,,,
,,Kendrick,,,,
,,Kennedy ,,,,
,,Kenney,,,,
,,Kenniff,,,,
,,Kenny,,,,
,,Keogan,,,,
,,Keough ,,,,
,,Kerbrat,,,,
,,Kerner,,,,
,,Kerper,,,,
,,Kerrigan ,,,,
,,Kerwin,,,,
,,Key,,,,
,,Keyes,,,,
,,Keys,,,,
,,Kiefer,,,,
,,Kieffer,,,,
,,Kiggins,,,,
,,Kilcoyne,,,,
,,Kilduff,,,,
,,Killeen ,,,,
,,Killough,,,,
,,Kilmartin ,,,,
,,Kilpatrick,,,,
,,Kimmins,,,,
,,Kimmons,,,,
,,Kincannon,,,,
,,Kindel·n,,,,
,,Kinlen,,,,
,,Kirch,,,,
,,Kirchner,,,,
,,Kirkpatrick,,,,
,,Kirrane,,,,
,,Kissane ,,,,
,,Kistler,,,,
,,Kistner,,,,
,,Klassen,,,,
,,Klossner,,,,
,,Knef,,,,
,,Kneib,,,,
,,Kneller,,,,
,,Knepp,,,,
,,Knochenmus,,,,
,,Knopf,,,,
,,Knopp,,,,
,,Knowles ,,,,
,,Koehl,,,,
,,Koenig,,,,
,,Koglin,,,,
,,Kohl,,,,
,,Kohler,,,,
,,Kolbe,,,,
,,Konig,,,,
,,Kopp,,,,
,,Kotze,,,,
,,Kraemer,,,,
,,Kramer,,,,
,,Krantz,,,,
,,Kranz,,,,
,,Kraus,,,,
,,Krauss,,,,
,,Krebs,,,,
,,Kroger,,,,
,,Kron,,,,
,,Kruckel,,,,
,,Kruse,,,,
,,Kuchler,,,,
,,Kuhn,,,,
,,Kundert,,,,
,,Kunkel,,,,
,,Kunkle,,,,
,,Kuntz,,,,
,,Kunz,,,,
,,Kunze,,,,
,,Kurz,,,,
,,Kurzmann,,,,
,,La Borde,,,,
,,La Claire,,,,
,,La Combe,,,,
,,La Coste,,,,
,,La Cour,,,,
,,La Croix,,,,
,,La Fon,,,,
,,La Fond,,,,
,,La Font,,,,
,,La Francois,,,,
,,La Garde,,,,
,,La Grange,,,,
,,La Motte,,,,
,,La Moureux,,,,
,,La Pierre,,,,
,,La Porte,,,,
,,La Roche,,,,
,,La Tour,,,,
,,La Vergne,,,,
,,Lévesque,,,,
,,Labbe,,,,
,,Labelle,,,,
,,Labille,,,,
,,Laborde,,,,
,,LabouchËre ,,,,
,,Lacamp,,,,
,,Lachance,,,,
,,Lachapelle,,,,
,,Lacombe,,,,
,,Lacoste,,,,
,,Lacour,,,,
,,Lacresse,,,,
,,Lacroix,,,,
,,Lafaille,,,,
,,Lafitte ,,,,
,,Lafon,,,,
,,Lafond,,,,
,,Lafont,,,,
,,Lafontaine ,,,,
,,Laforest,,,,
,,Lafourcade,,,,
,,Lafrentz,,,,
,,Lafrenz,,,,
,,Lagarde,,,,
,,Lagrange,,,,
,,Laine,,,,
,,Lallemand,,,,
,,Lallement,,,,
,,Lally,,,,
,,Lalonde,,,,
,,Lalor,,,,
,,Lamar,,,,
,,Lamarre,,,,
,,Lamirault,,,,
,,Lammens,,,,
,,Lamotte,,,,
,,Lamoureux,,,,
,,Lamy,,,,
,,Lancret,,,,
,,Landau,,,,
,,Landry,,,,
,,Lane,,,,
,,Lane ,,,,
,,Langenberg,,,,
,,Langer,,,,
,,Langlais,,,,
,,Langley,,,,
,,Langlois,,,,
,,Lannon,,,,
,,Lanvin,,,,
,,Lapierre,,,,
,,Lapointe,,,,
,,Laporte,,,,
,,Larcher,,,,
,,Larkin ,,,,
,,Laroche,,,,
,,Larralde,,,,
,,Larue,,,,
,,Lataste,,,,
,,Latendresse,,,,
,,Latour,,,,
,,Laughlin ,,,,
,,Laugier,,,,
,,Launay,,,,
,,Laurens,,,,
,,Laurenz,,,,
,,Lauzon ,,,,
,,Laval,,,,
,,Lavergne,,,,
,,Laverty,,,,
,,Lavigne,,,,
,,Lavocat,,,,
,,Lavoie,,,,
,,Lawler ,,,,
,,Lawlor,,,,
,,Lawrenz,,,,
,,Le Beau,,,,
,,Le Berre,,,,
,,Le Bihan,,,,
,,Le Blanc,,,,
,,Le Blond,,,,
,,Le Boeuf,,,,
,,Le Bon,,,,
,,Le Borgne,,,,
,,Le Breton,,,,
,,Le Brun,,,,
,,Le Clerc,,,,
,,Le Clercq,,,,
,,Le Clere,,,,
,,Le Cocq,,,,
,,Le Comte,,,,
,,Le Conte,,,,
,,Le Coq,,,,
,,Le Corre,,,,
,,Le Cuyer,,,,
,,Le Doux,,,,
,,Le Duc,,,,
,,Le Feuvre,,,,
,,Le Floch,,,,
,,Le Fort,,,,
,,Le Franc,,,,
,,Le Fur,,,,
,,Le Gal,,,,
,,Le Gall,,,,
,,Le Gendre,,,,
,,Le Goff,,,,
,,Le Grand,,,,
,,Le Gras,,,,
,,Le Guen,,,,
,,Le Jeune,,,,
,,Le Leu,,,,
,,Le Lievre,,,,
,,Le Loup,,,,
,,Le MaÁon,,,,
,,Le Maire,,,,
,,Le Maitre,,,,
,,Le Mercier,,,,
,,Le Monnier,,,,
,,Le Noir,,,,
,,Le Page,,,,
,,Le Patourel,,,,
,,Le Prince,,,,
,,Le Ray,,,,
,,Le Roux,,,,
,,Le Roy,,,,
,,Le Sage,,,,
,,Le Sueur,,,,
,,Le Tellier,,,,
,,Le Tissier,,,,
,,Le Vasseur,,,,
,,Leahy ,,,,
,,Leale,,,,
,,Leamy,,,,
,,Leandre,,,,
,,Leary,,,,
,,Lebas,,,,
,,Lebeau,,,,
,,Leberre,,,,
,,Lebihan,,,,
,,Leblanc,,,,
,,Leblond,,,,
,,Lebon,,,,
,,Leborgne,,,,
,,Lebranchu,,,,
,,Lebreton,,,,
,,Lebrun,,,,
,,Leclair,,,,
,,Leclerc,,,,
,,Leclercq,,,,
,,Leclere,,,,
,,Lecocq,,,,
,,Lecomte,,,,
,,Leconte,,,,
,,Lecoq,,,,
,,Lecorre,,,,
,,Lecuyer,,,,
,,Ledoux,,,,
,,Leduc,,,,
,,Lee,,,,
,,Lefebure,,,,
,,Lefeuvre,,,,
,,Lefloch,,,,
,,Lefort,,,,
,,Lefranc,,,,
,,Lefrancois,,,,
,,Legal,,,,
,,Legall,,,,
,,Legay,,,,
,,Legendre,,,,
,,Leger,,,,
,,Legge,,,,
,,Leggott,,,,
,,Legoff,,,,
,,Legrant,,,,
,,Legras,,,,
,,Legros,,,,
,,Leguen,,,,
,,Lehr,,,,
,,Leitz,,,,
,,Leitzke,,,,
,,Lejeune,,,,
,,Leleu,,,,
,,Lelievre,,,,
,,LeliËvre,,,,
,,Lelong,,,,
,,Leloup,,,,
,,Lemaire,,,,
,,Lemaitre,,,,
,,Leman ,,,,
,,Lemarchand,,,,
,,Lemercier,,,,
,,Lemieux,,,,
,,Lemoine,,,,
,,Lemonnier,,,,
,,Lenehan,,,,
,,Lenglet,,,,
,,Lenihan,,,,
,,Lennon,,,,
,,Lenoir,,,,
,,Lenz,,,,
,,Leon,,,,
,,Leonard,,,,
,,Lepage,,,,
,,Lepine,,,,
,,Leprince,,,,
,,Leray,,,,
,,Leriche,,,,
,,Leroux,,,,
,,Lesage,,,,
,,Lesauvage,,,,
,,LesiËge,,,,
,,Lesieur,,,,
,,Lestrange,,,,
,,Lesueur,,,,
,,Letellier,,,,
,,Letendre,,,,
,,Levasseur,,,,
,,Leveque,,,,
,,Leverenz,,,,
,,Levesque,,,,
,,Levy,,,,
,,Lewerentz,,,,
,,Lewerenz,,,,
,,L'Heureux,,,,
,,Lhomme,,,,
,,Lhuillier,,,,
,,Lienard,,,,
,,Linden,,,,
,,Lindner,,,,
,,Linehan,,,,
,,Lion,,,,
,,Llewellyn,,,,
,,Lloyd,,,,
,,Llywelyn,,,,
,,Loeillet,,,,
,,Loewe,,,,
,,Lohan,,,,
,,Lohrenz,,,,
,,Loiseau,,,,
,,Loisel,,,,
,,Lombard,,,,
,,Longchamps,,,,
,,Lora,,,,
,,Lorentz,,,,
,,Lorenz,,,,
,,Loris,,,,
,,Loritz,,,,
,,Loughlin,,,,
,,Louis,,,,
,,Loup,,,,
,,Louvet,,,,
,,Louwagie,,,,
,,Lowe,,,,
,,Lucas,,,,
,,Lucey,,,,
,,Ludwig,,,,
,,Luther,,,,
,,Lydon,,,,
,,Lynam,,,,
,,Lyon,,,,
,,Maçon,,,,
,,MacAlastair,,,,
,,MacAulay,,,,
,,MacAuley,,,,
,,MacBride,,,,
,,MacCarrick,,,,
,,MacCarthy,,,,
,,MacClellan,,,,
,,MacClelland,,,,
,,MacClery,,,,
,,MacConnell,,,,
,,MacCoughlan,,,,
,,MacDermott,,,,
,,MacDonald ,,,,
,,MacDonnell,,,,
,,Mace,,,,
,,MacFarland,,,,
,,MacGinnis,,,,
,,MacGorman,,,,
,,MacGowan,,,,
,,MacGrory,,,,
,,MacGuinness,,,,
,,MacGuire,,,,
,,Mack ,,,,
,,Mackey,,,,
,,MacMathan,,,,
,,MacNamara,,,,
,,MacNeil,,,,
,,MacNevin,,,,
,,Macon,,,,
,,Macquet,,,,
,,MacShane,,,,
,,Madadhan,,,,
,,Madden,,,,
,,Maddox,,,,
,,Madigan,,,,
,,Madore,,,,
,,Magan,,,,
,,Magee,,,,
,,Magee ,,,,
,,Magennis,,,,
,,Magill ,,,,
,,Magnat ,,,,
,,Magnier,,,,
,,Magnin,,,,
,,Maguire,,,,
,,Mahe,,,,
,,Mahieu,,,,
,,Mahon,,,,
,,Mahoney,,,,
,,Maillard,,,,
,,Maillard ,,,,
,,Maillart,,,,
,,Maillet,,,,
,,Maillot,,,,
,,Maire,,,,
,,Maire ,,,,
,,Maitre,,,,
,,Malan,,,,
,,Malet,,,,
,,Malherbe,,,,
,,MallarmÈ,,,,
,,Mallet,,,,
,,Malley,,,,
,,Mallins,,,,
,,Mallon,,,,
,,Malloye,,,,
,,Malone,,,,
,,Maloney,,,,
,,Mandel,,,,
,,Mangan ,,,,
,,Mangin,,,,
,,Mangold,,,,
,,Mann,,,,
,,Manning,,,,
,,Manz,,,,
,,Marais,,,,
,,Marais ,,,,
,,Marc,,,,
,,Marchal,,,,
,,Marchand,,,,
,,Marchive,,,,
,,Marechal,,,,
,,Marie,,,,
,,Marin,,,,
,,Marion,,,,
,,Markey,,,,
,,Markwardt,,,,
,,Marley ,,,,
,,Marmion ,,,,
,,Marot,,,,
,,Marquardt,,,,
,,Marquet,,,,
,,Marteau,,,,
,,Martel,,,,
,,Martineau,,,,
,,Martinet,,,,
,,Marty,,,,
,,Martyn ,,,,
,,Martz,,,,
,,Mary,,,,
,,Mas,,,,
,,Mascaron,,,,
,,Masse,,,,
,,Masson,,,,
,,Mathe,,,,
,,Mathiasin,,,,
,,Mathieu,,,,
,,Mathis,,,,
,,Maudet,,,,
,,Mauduit,,,,
,,Mauger,,,,
,,Maurel,,,,
,,Maurer,,,,
,,Maurette,,,,
,,Maurice,,,,
,,Maurin,,,,
,,Maury,,,,
,,Maus,,,,
,,MaziËre,,,,
,,McAdams,,,,
,,McAfee,,,,
,,McAlister,,,,
,,McAllister ,,,,
,,McAloon,,,,
,,McAnally,,,,
,,McAnearney,,,,
,,McArdle,,,,
,,McArtney,,,,
,,McBride,,,,
,,McCabe,,,,
,,McCafferty ,,,,
,,McCaffrey,,,,
,,McCain ,,,,
,,McCamley,,,,
,,McCandless ,,,,
,,McCartan,,,,
,,McCarthy ,,,,
,,McCartney ,,,,
,,McCaughey,,,,
,,McCaul,,,,
,,McCauley,,,,
,,McCauley ,,,,
,,McCausland,,,,
,,McCavana,,,,
,,McClean,,,,
,,McCleary,,,,
,,McClellan,,,,
,,McClelland,,,,
,,McCloskey,,,,
,,McCluskey,,,,
,,McColgan,,,,
,,McComas,,,,
,,McConnell,,,,
,,McConnell ,,,,
,,McCormick,,,,
,,McCotter,,,,
,,McCourt,,,,
,,McCracken,,,,
,,McCracken ,,,,
,,McCreery,,,,
,,McCrory,,,,
,,McCullagh,,,,
,,McCulloch,,,,
,,McCullough,,,,
,,McCune,,,,
,,McDaid,,,,
,,McDermott,,,,
,,McDevitt,,,,
,,McDiarmid,,,,
,,McDonagh,,,,
,,McDonough,,,,
,,McDowell ,,,,
,,McDuffie,,,,
,,McElhatton,,,,
,,McElligott,,,,
,,McElroy,,,,
,,McEnany,,,,
,,McEnroe ,,,,
,,McEvoy,,,,
,,McFadden ,,,,
,,McFarland,,,,
,,McFarlane,,,,
,,McFee,,,,
,,McGahon,,,,
,,McGarry,,,,
,,McGee,,,,
,,McGee ,,,,
,,McGettigan,,,,
,,McGill,,,,
,,McGill ,,,,
,,McGillicuddy,,,,
,,McGimpsey,,,,
,,McGinnis,,,,
,,McGlennon,,,,
,,McGlynn,,,,
,,McGoff,,,,
,,McGough,,,,
,,McGovern,,,,
,,McGowan,,,,
,,McGrady,,,,
,,McGrane,,,,
,,McGrogan,,,,
,,McGuffin,,,,
,,McGuinness,,,,
,,McGuinty,,,,
,,McGuire,,,,
,,McGurn,,,,
,,McHugh,,,,
,,McIlhenny,,,,
,,McIntyre,,,,
,,McIver,,,,
,,McIvor ,,,,
,,McKay,,,,
,,McKee,,,,
,,McKeever,,,,
,,McKenna,,,,
,,McKeogh,,,,
,,McKeown,,,,
,,McKey ,,,,
,,McKinney,,,,
,,McKowen,,,,
,,McLaughlan,,,,
,,McLaughlin ,,,,
,,McLean,,,,
,,McLoughlin,,,,
,,McMahon,,,,
,,McMahon ,,,,
,,McManus,,,,
,,McMenamin,,,,
,,McMorrow,,,,
,,McMurphy,,,,
,,McNab,,,,
,,McNabb,,,,
,,McNally ,,,,
,,McNalty,,,,
,,McNamara,,,,
,,McNamee,,,,
,,McNaughton,,,,
,,McNee,,,,
,,McNeill,,,,
,,McNeill ,,,,
,,McNelis,,,,
,,McNevin,,,,
,,McNiven,,,,
,,McNulty,,,,
,,McPhillips,,,,
,,McReynolds,,,,
,,McSheehy,,,,
,,McSweeney,,,,
,,Meaney,,,,
,,Meara,,,,
,,Mehigan,,,,
,,Mein,,,,
,,Meindl,,,,
,,Meinhardt,,,,
,,Meisner,,,,
,,Meissner,,,,
,,Melsbach,,,,
,,Menard,,,,
,,Mendel,,,,
,,Mendy ,,,,
,,Merkel,,,,
,,Merle,,,,
,,Merlet,,,,
,,Merlin,,,,
,,Merrick,,,,
,,Merricks,,,,
,,Mery,,,,
,,Messer,,,,
,,Messerli,,,,
,,Messmann,,,,
,,Messner,,,,
,,Metayer,,,,
,,Metz,,,,
,,Metzger,,,,
,,Meunier,,,,
,,Meyers,,,,
,,Meyrick,,,,
,,Michael,,,,
,,Michaelis,,,,
,,Michaud,,,,
,,Michaux,,,,
,,Michelet,,,,
,,Michon,,,,
,,Midy,,,,
,,Mignot,,,,
,,Mille,,,,
,,Millet,,,,
,,Millet ,,,,
,,Milligan,,,,
,,Millot,,,,
,,Minogue,,,,
,,Miquel,,,,
,,Mohan,,,,
,,Mohren,,,,
,,Moine,,,,
,,MolÈ,,,,
,,Mollown,,,,
,,Molloy,,,,
,,Moloney,,,,
,,Molyneux,,,,
,,Monagas ,,,,
,,Monaghan,,,,
,,Monaghan ,,,,
,,Monahan,,,,
,,Monday,,,,
,,MondÈsir,,,,
,,Monet,,,,
,,Monette,,,,
,,Monier,,,,
,,Monin,,,,
,,Monnet,,,,
,,Monnier,,,,
,,Monsell,,,,
,,Montagne,,,,
,,Montmollin ,,,,
,,Moon,,,,
,,Mooney,,,,
,,Moore ,,,,
,,Moran ,,,,
,,Morand,,,,
,,Morand ,,,,
,,Morel ,,,,
,,Moret,,,,
,,Morgan ,,,,
,,Morgenstern,,,,
,,Moriarty,,,,
,,Morice,,,,
,,Morin,,,,
,,Morlighem,,,,
,,Morris,,,,
,,Morrisroe,,,,
,,Morrissey ,,,,
,,Mortier,,,,
,,Morvan,,,,
,,Motte,,,,
,,Mougin,,,,
,,Moulin,,,,
,,Mounce,,,,
,,Mounier,,,,
,,Mouret,,,,
,,Mouton,,,,
,,Moylan,,,,
,,Moynihan,,,,
,,Mueller,,,,
,,Muhlfeld,,,,
,,Mulcahy ,,,,
,,Mulgrew,,,,
,,Mulhearn,,,,
,,Mulhern,,,,
,,Mullally,,,,
,,Mullane,,,,
,,Mulledy,,,,
,,Mullen,,,,
,,Mulligan,,,,
,,Mulligan ,,,,
,,Mullin,,,,
,,Mullins,,,,
,,Mulloy,,,,
,,Mulot,,,,
,,Mulqueen,,,,
,,Mulrennan,,,,
,,Mulroney,,,,
,,Mulrooney,,,,
,,Mulryan,,,,
,,Mulvaney,,,,
,,Munier,,,,
,,Munro ,,,,
,,Murdock,,,,
,,Murtagh,,,,
,,Nadeaud,,,,
,,Naegelen,,,,
,,Nagel,,,,
,,Naquin,,,,
,,Naude,,,,
,,NaudÈ,,,,
,,Naudin,,,,
,,Naughton,,,,
,,Navin,,,,
,,Neil,,,,
,,Nestor ,,,,
,,Neuman,,,,
,,Neuville,,,,
,,Neuvillette,,,,
,,Neveu,,,,
,,Neville,,,,
,,Nevin,,,,
,,Nicolle,,,,
,,Ninine,,,,
,,Noel,,,,
,,Nolan,,,,
,,Noonan,,,,
,,Normand,,,,
,,Noyer,,,,
,,Nunan,,,,
,,Nurse,,,,
,,Nussbaum,,,,
,,O'Beirne,,,,
,,Oberst,,,,
,,O'Boyle,,,,
,,O'Brian,,,,
,,O'Byrne,,,,
,,O'Callaghan,,,,
,,O'Casey,,,,
,,O'Clery,,,,
,,O'Connell,,,,
,,O'Connor ,,,,
,,O'Day,,,,
,,O'Dea,,,,
,,O'Dell,,,,
,,O'Doherty,,,,
,,O'Donnell,,,,
,,O'Donoghue,,,,
,,O'Donovan ,,,,
,,O'Doyle,,,,
,,O'Dwyer,,,,
,,Oelberg,,,,
,,O'Farrell,,,,
,,O'Friel,,,,
,,Oger,,,,
,,O'Gorman,,,,
,,O'Hagan,,,,
,,O'Halloran,,,,
,,O'Hanegan,,,,
,,O'Hanigan,,,,
,,O'Hanlon,,,,
,,O'Hannagain,,,,
,,O'Hannagan,,,,
,,O'Hannegan,,,,
,,O'Hannigain,,,,
,,O'Hannigan,,,,
,,O'Hara,,,,
,,O'Hara ,,,,
,,O'Hare ,,,,
,,O'Hea,,,,
,,O'Hearn,,,,
,,O'Higgins ,,,,
,,Ohme,,,,
,,O'Kane,,,,
,,O'Keane,,,,
,,O'Keefe,,,,
,,O'Laughlin,,,,
,,O'Lawlor,,,,
,,O'Leary,,,,
,,Olive,,,,
,,Oliver,,,,
,,Olivier,,,,
,,Ollivier,,,,
,,O'Loughlin,,,,
,,O'Lynn,,,,
,,O'Mahony,,,,
,,O'Malley,,,,
,,O'Mooney,,,,
,,O'Neal,,,,
,,O'Neill ,,,,
,,O'Niall,,,,
,,O'Rahilly,,,,
,,O'Reilly,,,,
,,O'Riordan,,,,
,,Ory,,,,
,,O'Shaughnessy,,,,
,,O'Shea,,,,
,,O'Sheehan,,,,
,,O'Sullivan,,,,
,,O'Sullivan ,,,,
,,O'Toole,,,,
,,Ott,,,,
,,Otto,,,,
,,Oudin,,,,
,,Oursler,,,,
,,Owens,,,,
,,Pabst,,,,
,,Page,,,,
,,Pages,,,,
,,Paget,,,,
,,Pahlke,,,,
,,Paillard,,,,
,,Pain,,,,
,,Pape,,,,
,,Papin,,,,
,,Papp,,,,
,,Paquet,,,,
,,Parent,,,,
,,Paris,,,,
,,Parisot,,,,
,,Parlon,,,,
,,Parmentier,,,,
,,Parris,,,,
,,Parry,,,,
,,Pascal,,,,
,,Pasquet,,,,
,,Pasquier,,,,
,,Patenaude,,,,
,,Patrick ,,,,
,,Paul,,,,
,,Pawlitzki,,,,
,,Payen,,,,
,,Payet,,,,
,,Pecou,,,,
,,Pedler,,,,
,,Pelissier,,,,
,,Pellé,,,,
,,Pelle,,,,
,,Pellerin,,,,
,,Pelletier,,,,
,,Pelley,,,,
,,Peltier,,,,
,,Pepin,,,,
,,Perier,,,,
,,Perigord,,,,
,,Perin,,,,
,,Pernet,,,,
,,Pernot,,,,
,,Peron,,,,
,,Perot,,,,
,,Perrault,,,,
,,Perreau,,,,
,,Perreault,,,,
,,Perreaut,,,,
,,Perret,,,,
,,Perrier,,,,
,,Perrin,,,,
,,Perrodin,,,,
,,Perron,,,,
,,Perrot,,,,
,,Perry,,,,
,,PÈtelle,,,,
,,Peter,,,,
,,Petitjean,,,,
,,Petty,,,,
,,Peucelle,,,,
,,Peverill,,,,
,,Peyron,,,,
,,Pfaff,,,,
,,Pfenning,,,,
,,Pherigo,,,,
,,Philbin,,,,
,,Philippe,,,,
,,Philippon,,,,
,,Phillips ,,,,
,,Piat,,,,
,,Picard,,,,
,,Picart,,,,
,,Pichard,,,,
,,Pichette,,,,
,,Pichon,,,,
,,Pichot,,,,
,,Pickavance,,,,
,,Picot,,,,
,,Pienaar,,,,
,,Pierre,,,,
,,Pierre-Paul,,,,
,,Pierron,,,,
,,Pierrot,,,,
,,Pierson,,,,
,,Piffard,,,,
,,Pilgrim,,,,
,,Pillet,,,,
,,Pillot,,,,
,,Pin,,,,
,,Pinard,,,,
,,Pinault,,,,
,,Pineau,,,,
,,Pineault,,,,
,,Pinel,,,,
,,Pinet,,,,
,,Pinochet,,,,
,,Pinot,,,,
,,Pinson,,,,
,,Piot,,,,
,,Piquet,,,,
,,Pittet,,,,
,,Plamondon,,,,
,,Planche,,,,
,,Planck,,,,
,,Plank,,,,
,,Planque,,,,
,,Plessis,,,,
,,Pletcher,,,,
,,Pletscher,,,,
,,Plourde,,,,
,,Pohl,,,,
,,Poilievre,,,,
,,Poiret,,,,
,,Poirier,,,,
,,Poirot,,,,
,,Poisson,,,,
,,Pollet,,,,
,,Polnareff,,,,
,,Polzin,,,,
,,Pommier,,,,
,,Poncet,,,,
,,Pons,,,,
,,Porcher,,,,
,,Porion ,,,,
,,Porsche,,,,
,,Porte,,,,
,,Portier,,,,
,,Post,,,,
,,Potain,,,,
,,Potier,,,,
,,Pottier,,,,
,,Pouderoux,,,,
,,Poudroux,,,,
,,Poulain,,,,
,,Poulet,,,,
,,Poulin,,,,
,,Powell,,,,
,,Power,,,,
,,Pret,,,,
,,Prevost,,,,
,,Prevot,,,,
,,Prichard,,,,
,,Priddy,,,,
,,Prieur,,,,
,,Prigent,,,,
,,Prinz,,,,
,,Pritchard,,,,
,,Probert,,,,
,,Prost,,,,
,,Protz,,,,
,,Proulx,,,,
,,Proust,,,,
,,Provendier,,,,
,,Provost,,,,
,,Prudhomme,,,,
,,Prunier,,,,
,,Prunty,,,,
,,Pruvost,,,,
,,Pryce,,,,
,,Puech,,,,
,,Pugh,,,,
,,Pujol,,,,
,,Queenan,,,,
,,Quentin,,,,
,,Quickley,,,,
,,Quigg,,,,
,,Quigley,,,,
,,Quinlan,,,,
,,Quinlivan,,,,
,,Quintrell,,,,
,,Quirk,,,,
,,Quirke,,,,
,,Rabbitte,,,,
,,Racicot,,,,
,,Racine,,,,
,,Rafferty,,,,
,,Raffray,,,,
,,Ragot,,,,
,,Raine,,,,
,,Rambaud,,,,
,,Rampelberg,,,,
,,Rapp,,,,
,,Rasch,,,,
,,Raskob,,,,
,,Raskop,,,,
,,Raskopf,,,,
,,Rault,,,,
,,Raybaud,,,,
,,Raymond,,,,
,,Raynaud,,,,
,,Rayne,,,,
,,Ready,,,,
,,Reagan,,,,
,,Reagan ,,,,
,,Reardon,,,,
,,Reboul,,,,
,,Recht,,,,
,,Redmond,,,,
,,Redon,,,,
,,Reece,,,,
,,Reese,,,,
,,Regan,,,,
,,Regenbogen,,,,
,,Regnault,,,,
,,Regnier,,,,
,,Reich,,,,
,,Reier,,,,
,,Reiher,,,,
,,Reilly ,,,,
,,Reis,,,,
,,Remond,,,,
,,Remy,,,,
,,Renard,,,,
,,Renaud,,,,
,,Renaudin,,,,
,,Renault,,,,
,,Renou,,,,
,,Ressiguier,,,,
,,Retailleau,,,,
,,Retief,,,,
,,Rettig,,,,
,,Reuter,,,,
,,Revel,,,,
,,Rey,,,,
,,Reyer,,,,
,,Reymond,,,,
,,Reynaud,,,,
,,Reynier,,,,
,,Reynolds ,,,,
,,Rhydderch,,,,
,,Ribot ,,,,
,,Ricard,,,,
,,Rice,,,,
,,Richaud,,,,
,,Richelieu,,,,
,,Richer,,,,
,,Riese,,,,
,,Rigal,,,,
,,Rigaud,,,,
,,Riker,,,,
,,Riley,,,,
,,Riley ,,,,
,,Rinne,,,,
,,Rio,,,,
,,Riordan,,,,
,,Riou,,,,
,,Ritter,,,,
,,Rivet,,,,
,,Rivière,,,,
,,Riviere,,,,
,,Robin,,,,
,,Robinet,,,,
,,Roche,,,,
,,Rocher,,,,
,,Rogan,,,,
,,Roger,,,,
,,Rohault,,,,
,,Roland,,,,
,,Rolland,,,,
,,Rollet,,,,
,,Rollin,,,,
,,Roman,,,,
,,Rome,,,,
,,Romilly,,,,
,,Rondeau,,,,
,,Rooney ,,,,
,,Roques,,,,
,,Rose,,,,
,,Rose ,,,,
,,Roseingrave,,,,
,,Rosenberg,,,,
,,Rosenberger,,,,
,,Rosenfeld,,,,
,,Rossignol,,,,
,,Rossouw,,,,
,,Rot,,,,
,,Roth,,,,
,,Rothbauer,,,,
,,Rothenberg,,,,
,,Rouault,,,,
,,Rouge,,,,
,,Rougier,,,,
,,Rouleau ,,,,
,,Rousselet,,,,
,,Rousselot,,,,
,,Rousset,,,,
,,Rouvier,,,,
,,Rouxel,,,,
,,Rouyer,,,,
,,Rowan,,,,
,,Rowlings,,,,
,,Roy,,,,
,,Royer,,,,
,,Roze,,,,
,,Ruane,,,,
,,Ruddy,,,,
,,Ruelle,,,,
,,Ruf,,,,
,,Ruff,,,,
,,Ryer,,,,
,,Sabatier,,,,
,,Sachs,,,,
,,Sailliet,,,,
,,Saint-SaÎns,,,,
,,Salaun,,,,
,,Salle,,,,
,,Saller,,,,
,,Salles,,,,
,,Salmon,,,,
,,Saloman,,,,
,,Salomon,,,,
,,Salzwedel,,,,
,,Samson,,,,
,,Samuel,,,,
,,Sander,,,,
,,Sarazin,,,,
,,Sarrazin,,,,
,,Sartre,,,,
,,Sauber,,,,
,,Saulnier,,,,
,,Sault,,,,
,,Saunier,,,,
,,Sauter,,,,
,,Sauvage,,,,
,,Sauvageau,,,,
,,Sauvageon,,,,
,,Sauvageot,,,,
,,Sauveterre,,,,
,,Savary,,,,
,,Savatier,,,,
,,Savignat,,,,
,,Sayer,,,,
,,Scally,,,,
,,Scheer,,,,
,,Schenck,,,,
,,Schenk,,,,
,,Scherer,,,,
,,Schindler,,,,
,,Schirmer,,,,
,,Schlender,,,,
,,Schlimme,,,,
,,Schlosser,,,,
,,Schmeling,,,,
,,Schmitt,,,,
,,Schmitz,,,,
,,Schnell,,,,
,,Schnoor,,,,
,,Schnur,,,,
,,Schottmer,,,,
,,Schreck,,,,
,,Schreiber,,,,
,,Schreier,,,,
,,Schroeder,,,,
,,Schroeter,,,,
,,Schroter,,,,
,,Schuchard,,,,
,,Schuchardt,,,,
,,Schuchert,,,,
,,Schuhart,,,,
,,Schuhmacher,,,,
,,Schuler,,,,
,,Schultes,,,,
,,Schultheis,,,,
,,Schultheiss,,,,
,,Schultz,,,,
,,Schultze,,,,
,,Schuttmann,,,,
,,Schwangau,,,,
,,Schwartz,,,,
,,Schwarzenberg,,,,
,,Schweitzer,,,,
,,Schwenke,,,,
,,Schwinghammer,,,,
,,Scully,,,,
,,Scully ,,,,
,,Seeger,,,,
,,Seery,,,,
,,Segal,,,,
,,Seguin,,,,
,,SÈguy,,,,
,,Seidel,,,,
,,Seitlinger,,,,
,,Sellier,,,,
,,Selys,,,,
,,Senechal,,,,
,,Senft,,,,
,,Sergeant,,,,
,,Sergent,,,,
,,Serre,,,,
,,Severin,,,,
,,Seward,,,,
,,Shanahan,,,,
,,Shanley,,,,
,,Shannon,,,,
,,Sharkey,,,,
,,Shaughnessy,,,,
,,Shea,,,,
,,Sheedy,,,,
,,Sheehan,,,,
,,Sheehy,,,,
,,Sheenan,,,,
,,Sheeran,,,,
,,Sheridan,,,,
,,Sheridan ,,,,
,,Shine,,,,
,,Shriver,,,,
,,Sicard,,,,
,,Siebert,,,,
,,Siegel,,,,
,,Sieger,,,,
,,Siegert,,,,
,,Siekert,,,,
,,Siemon,,,,
,,Simmon,,,,
,,Simoneit,,,,
,,Simonet,,,,
,,Simonin,,,,
,,Simonnet,,,,
,,Simonnet ,,,,
,,Simons,,,,
,,Sitz,,,,
,,Sitzenstuhl,,,,
,,Slane,,,,
,,Slattery,,,,
,,Sloan,,,,
,,Sloan ,,,,
,,Sloane,,,,
,,Slusser,,,,
,,Snoddy ,,,,
,,Sommer,,,,
,,Sonnen,,,,
,,Sorg,,,,
,,Sorge,,,,
,,Sorre,,,,
,,Soucy,,,,
,,Soulier,,,,
,,Sourd,,,,
,,Southers,,,,
,,Sowards,,,,
,,Spannagel,,,,
,,Specht,,,,
,,Spellmeyer,,,,
,,Spillane,,,,
,,Spillebout,,,,
,,Spitz,,,,
,,Spitznagel,,,,
,,Spitznogle,,,,
,,Sponaugle,,,,
,,St Clair,,,,
,,St Martin,,,,
,,St Pierre,,,,
,,Stark,,,,
,,Stauss,,,,
,,Stein,,,,
,,Steinmann,,,,
,,Stenger,,,,
,,Stephan,,,,
,,Stern,,,,
,,Steube,,,,
,,Steuben,,,,
,,Stieber,,,,
,,Stoppelbein,,,,
,,Straub,,,,
,,Strobel,,,,
,,Strohkirch,,,,
,,Stroman,,,,
,,Stuber,,,,
,,Stuck,,,,
,,Stueck,,,,
,,Stumpf,,,,
,,Sturm,,,,
,,Suess,,,,
,,Sugrue,,,,
,,Sulzbach,,,,
,,Suplee,,,,
,,Suss,,,,
,,Swango,,,,
,,Sweeney,,,,
,,Switzer,,,,
,,Tachard,,,,
,,Taggart,,,,
,,Taggart ,,,,
,,Tailler,,,,
,,Tamarelle,,,,
,,Tanet,,,,
,,Tangeman,,,,
,,Tanguy,,,,
,,Tanzer,,,,
,,Taquet,,,,
,,Tardy,,,,
,,Tasse,,,,
,,Taube,,,,
,,Tavernier,,,,
,,Teagan,,,,
,,Teague,,,,
,,Teahan,,,,
,,Tedford,,,,
,,Tellier,,,,
,,Templier ,,,,
,,Terrell ,,,,
,,Terrenoir,,,,
,,Terrenoire ,,,,
,,Terrier,,,,
,,Tessier,,,,
,,Teufel,,,,
,,Texier,,,,
,,Thalmann,,,,
,,Thayer,,,,
,,Thebault,,,,
,,Thery,,,,
,,Thevenet,,,,
,,Thevenin,,,,
,,ThÈvenot,,,,
,,Thibault,,,,
,,Thibaut,,,,
,,Thiebaut,,,,
,,Thieriot,,,,
,,Thierry,,,,
,,Thiery,,,,
,,Thiffault,,,,
,,Thiollet,,,,
,,Thirion,,,,
,,Thomas ,,,,
,,Thouvenin,,,,
,,Thuillier,,,,
,,Tierney,,,,
,,Tighe,,,,
,,Tisserand,,,,
,,Tissier,,,,
,,Tissot,,,,
,,Tixier,,,,
,,Tobias,,,,
,,Tobin ,,,,
,,Togher,,,,
,,Tolkien,,,,
,,Toole,,,,
,,Touchard,,,,
,,Touche ,,,,
,,Tournier,,,,
,,Toussaint,,,,
,,Tracey,,,,
,,Tracy,,,,
,,Trahan,,,,
,,Traver,,,,
,,Travere,,,,
,,Travers,,,,
,,Traverse,,,,
,,Travert,,,,
,,Traviss,,,,
,,Traynor ,,,,
,,Treacy,,,,
,,Tremblay,,,,
,,Tremble,,,,
,,Trench ,,,,
,,Trevor,,,,
,,Tritten,,,,
,,Trouve,,,,
,,Troy ,,,,
,,Trudeau,,,,
,,Trumbauer,,,,
,,Tschida,,,,
,,Tully ,,,,
,,Tuohey,,,,
,,Tuohy,,,,
,,Turpin,,,,
,,Twohig,,,,
,,Twomey,,,,
,,Unkle,,,,
,,Unruh,,,,
,,Urban,,,,
,,Vacher,,,,
,,Vaillant,,,,
,,Valentin,,,,
,,Valet,,,,
,,Valette,,,,
,,Valin ,,,,
,,Vallee,,,,
,,Vallet,,,,
,,Vanhoutte,,,,
,,Vannier,,,,
,,Vareilles,,,,
,,Varin,,,,
,,Varlet,,,,
,,Vasseur,,,,
,,Vatin ,,,,
,,Vaughan,,,,
,,Vaughn,,,,
,,Vaugrenard,,,,
,,Vaurie,,,,
,,Vautier,,,,
,,Vautrin,,,,
,,Venteau,,,,
,,Verdier,,,,
,,Verger,,,,
,,VergËs,,,,
,,Vermeulen,,,,
,,Vernet,,,,
,,Vernier,,,,
,,Veron,,,,
,,Verrier,,,,
,,Verzelen,,,,
,,Veuillot,,,,
,,Veyrat,,,,
,,Vial,,,,
,,Viala,,,,
,,Viannay,,,,
,,Viard,,,,
,,Vicaire,,,,
,,Vicot ,,,,
,,Victor,,,,
,,Vidal,,,,
,,Viel,,,,
,,Viennet,,,,
,,Vierne,,,,
,,Vieth,,,,
,,Vigier,,,,
,,Vigneron,,,,
,,Vignon,,,,
,,ViguiÈ,,,,
,,Viguier,,,,
,,Vilain,,,,
,,Viljoen,,,,
,,Villain,,,,
,,Villard,,,,
,,Villeneuve,,,,
,,Vincendet,,,,
,,Visagie,,,,
,,Vivier,,,,
,,Vizard ,,,,
,,Voclain,,,,
,,Vogt,,,,
,,Vogts,,,,
,,Voigt,,,,
,,Voigts,,,,
,,Voisin,,,,
,,Vojetta,,,,
,,Volk,,,,
,,Voll,,,,
,,Von Brandt,,,,
,,Von Essen,,,,
,,Vonnegut,,,,
,,Voss,,,,
,,Wahner,,,,
,,Waldvogel,,,,
,,Walkenhorst,,,,
,,Wallace,,,,
,,Walsh ,,,,
,,Walther,,,,
,,Waltz,,,,
,,Wang,,,,
,,Ward,,,,
,,Ward ,,,,
,,Warner,,,,
,,Waxweiler,,,,
,,Wechsler,,,,
,,Wedekind,,,,
,,Weeber,,,,
,,Wehner,,,,
,,Wehnert,,,,
,,Wehunt,,,,
,,Weigand,,,,
,,Weimann,,,,
,,Weiss,,,,
,,Welch ,,,,
,,Welsh ,,,,
,,Welter,,,,
,,Wendel,,,,
,,Wendell,,,,
,,Wernher,,,,
,,West,,,,
,,Wetzel,,,,
,,Whalen,,,,
,,Whelan,,,,
,,White ,,,,
,,Wieck,,,,
,,Wiegand,,,,
,,Wild,,,,
,,Wilder,,,,
,,Wildgrube,,,,
,,Wilmer,,,,
,,Winter,,,,
,,Wirner,,,,
,,Wirnhier,,,,
,,Wirt,,,,
,,Wirth,,,,
,,Wolff,,,,
,,Wolter,,,,
,,Worner,,,,
,,Wornhor,,,,
,,Wotherspoon,,,,
,,Wruck,,,,
,,Xylander,,,,
,,Yount,,,,
,,Zellweger,,,,
,,Ziegler,,,,
,,Zimmerman,,,,
